{"cameraMode":{"drawMode":0,"name":"Shaded","section":"Shading Mode"},"sceneLighting":false,"audioPlay":false,"sceneViewState":{"m_AlwaysRefresh":false,"showFog":true,"showSkybox":true,"showFlares":true,"showImageEffects":true,"showParticleSystems":true,"showVisualEffectGraphs":true,"m_FxEnabled":true},"in2DMode":false,"pivot":{"x":6.8050007820129398,"y":2.6620001792907717,"z":33.584999084472659},"rotation":{"x":-0.24162617325782777,"y":0.03579450771212578,"z":-0.00891958735883236,"w":-0.9696722030639648},"size":22.743452072143556,"orthographic":false}